year,jan,feb,mar,apr,may,jun,jul,aug,sep,oct,nov,dec
1500,-2,-1,-1,00,-1,+1,+1,-1,00,00,-3,-2
1501,+1,+1,00,00,+1,00,-1,-2,00,-1,-1,00
1502,-2,-2,-1,00,-3,+2,00,+3,00,00,00,00
1503,-2,-2,-2,00,+1,+2,+3,+3,00,00,00,00
1504,-1,-1,-1,+2,+1,+2,+2,+1,00,00,00,+2
1505,+2,00,00,00,00,-1,-1,00,+1,+1,00,00
1506,+3,+2,00,00,00,+1,+1,00,00,00,00,+1
1507,+1,+2,-1,+1,00,-1,-1,00,00,00,00,-1
1508,-1,-1,-2,-2,00,00,-1,-1,+1,00,00,-1
1509,-1,-1,00,00,00,00,+1,+2,+1,-1,00,00
1510,00,+1,-2,00,-1,00,-1,00,00,00,-1,-1
1511,-1,-2,-1,00,00,00,-1,-1,00,00,00,-2
1512,-1,-2,-1,00,+1,00,+1,+1,-1,00,+1,-1
1513,-2,-2,-1,-1,00,-1,00,-1,-1,-3,-1,-2
1514,-2,-1,-1,-2,00,-2,00,+1,00,-1,-1,00
1515,+1,+2,-2,-1,-1,00,-1,-1,+1,-1,00,+1
1516,+1,00,-1,+1,00,+1,00,+1,+1,+1,-2,-1
1517,-2,-2,-1,+1,+1,+1,00,00,-1,+1,-1,00
1518,-1,00,00,+1,00,-2,+1,-1,00,-1,-1,00
1519,-1,+1,+1,00,-1,+2,00,-1,00,-1,00,00
1520,+1,00,-1,-1,-1,+1,+1,00,-2,00,00,+2
1521,+1,+3,00,00,00,00,00,00,+1,+1,00,00
1522,-2,-1,00,00,-1,-1,00,00,00,00,00,+2
1523,00,+1,-1,+1,00,00,00,+1,+1,00,00,00
1524,+2,+1,00,00,-2,-1,00,00,00,00,00,-2
1525,00,-1,-1,00,00,00,+1,00,+1,+1,+1,-1
1526,-1,-2,00,00,00,-1,00,-1,00,00,00,00
1527,+1,00,00,00,00,00,-1,00,-1,-1,00,00
1528,+1,00,00,-1,00,00,00,-1,+1,00,00,00
1529,-1,-1,00,00,00,-2,-1,-2,-1,00,00,+1
1530,+2,+1,00,-1,00,00,00,-2,00,-1,00,00
1531,+1,+1,-3,-1,-2,-2,00,-1,+2,+2,00,-1
1532,00,+2,00,-1,00,00,00,+3,00,00,00,-2
1533,00,+1,00,00,00,00,00,-1,00,00,00,-1
1534,-2,-1,00,+2,+1,+2,+2,+3,00,-2,00,00
1535,-1,00,-1,-1,-2,+1,+2,+2,00,00,00,00
1536,-1,-1,00,00,+2,+3,+3,+2,+1,+1,00,-1
1537,+1,+2,-1,00,-2,-2,-2,00,00,00,+2,+3
1538,+1,00,-2,-2,00,+1,00,+1,00,00,00,+2
1539,00,00,00,00,-1,00,00,-1,-1,-1,-1,00
1540,00,+3,+1,+1,+2,+1,+3,+3,+2,+1,00,00
1541,-1,-2,-1,00,00,+1,-1,-1,00,00,-1,00
1542,+1,+1,-2,-1,-2,-1,-2,-2,00,00,00,-1
1543,-2,-2,-1,00,-1,-1,-1,-1,00,+1,00,-1
1544,-2,-1,-1,-1,00,-1,-1,00,00,00,-1,00
1545,+1,+2,+1,00,00,00,+2,+2,+1,+1,00,-2
1546,-1,-2,-1,00,-2,00,00,00,00,00,00,-2
1547,00,00,00,-1,00,+1,+1,00,00,00,00,00
1548,-3,00,00,00,00,00,+2,+2,+1,00,00,00
1549,00,00,00,00,00,00,+2,00,00,-1,00,-2
1550,-1,00,-2,00,-1,00,00,-1,00,-1,-2,-1
1551,+2,-2,-1,00,-1,-1,+1,00,00,-1,00,-1
1552,+2,+1,00,00,00,00,-1,-1,00,+1,+1,00
1553,00,-1,-2,-1,00,00,00,00,+1,+1,+1,00
1554,-2,-3,00,+1,00,-1,00,+2,-1,00,00,00
1555,00,00,-1,00,00,-1,-1,00,+1,-1,-1,00
1556,+2,00,00,00,00,+2,+1,+2,00,00,-2,-3
1557,-1,00,-1,00,00,+1,+1,00,+3,+1,00,-1
1558,+1,+1,+1,+2,00,+1,+2,00,00,+1,00,-1
1559,-1,00,00,-1,00,00,+2,+1,00,00,00,+1
1560,00,00,00,00,00,-1,-1,00,00,-1,-2,-2
1561,-2,-1,00,-1,00,00,+2,00,00,00,+2,00
1562,+1,+1,00,00,-1,00,00,+1,+1,00,00,-1
1563,-1,+1,-2,-1,00,-2,-2,-1,00,-1,+1,+1
1564,-2,-2,00,+1,-1,+2,-1,00,+1,00,-2,-2
1565,-3,-2,-2,00,-1,00,+2,+2,00,00,00,+1
1566,00,+1,00,+1,00,00,+2,00,+1,00,00,00
1567,+2,00,00,00,-2,+3,+1,+2,+1,+1,-1,+2
1568,-1,-1,00,00,+1,+2,00,-1,00,-1,-2,-3
1569,-2,-2,-1,00,-2,-2,-2,00,-2,-1,00,00
1570,00,+1,+1,-1,00,+1,-1,-1,00,00,00,-1
1571,-1,-1,00,+2,00,-1,-1,-1,00,+1,-1,00
1572,-1,-1,-1,00,00,00,00,00,00,00,-2,-2
1573,-2,-3,-1,-2,00,00,-1,-1,-1,-1,00,-1
1574,00,00,00,00,00,00,-1,00,00,00,+1,00
1575,00,00,00,-1,00,+1,+2,+1,00,00,-2,-2
1576,00,00,00,-1,-1,-2,-1,00,-1,-1,00,+1
1577,+2,00,-2,00,00,00,00,00,00,00,00,00
1578,00,-3,00,-2,00,+1,00,+1,00,00,-1,00
1579,00,+1,+1,-2,00,-1,-3,-1,-1,-2,-2,00
1580,00,+1,-2,00,00,00,00,+2,-1,00,00,00
1581,00,00,-1,+1,00,00,-1,00,+1,-1,-1,-2
1582,00,+1,00,00,00,00,-1,00,00,-1,00,+1
1583,00,00,00,+1,+1,00,+1,00,00,00,00,00
1584,+1,00,-2,00,00,+1,00,-1,+1,00,00,00
1585,+1,+1,00,00,-1,-1,-2,-1,-1,00,00,-1
1586,-2,-1,-1,-1,00,00,00,00,00,+2,-3,-2
1587,-2,-2,-1,-1,-1,-1,-1,00,-1,-1,00,+1
1588,00,-1,-2,00,-1,00,00,-1,-1,-1,00,-1
1589,-1,-2,-1,-1,00,-1,+1,+2,+1,00,00,-1
1590,-2,-1,-1,00,-1,+3,+3,+2,+1,00,00,-1
1591,-1,-1,00,+2,+1,00,-1,-1,00,-1,00,-1
1592,+2,-1,-1,+1,-2,-2,-1,+1,00,-1,-1,-1
1593,-1,00,-1,-1,00,-1,00,-1,00,-1,-1,00
1594,+1,00,-1,-1,-3,00,-1,-1,00,00,-2,-2
1595,-2,-2,-1,-3,00,-2,-2,-1,+1,+1,+1,+1
1596,+1,+1,+1,00,+1,-2,-2,-1,+1,+1,+1,+3
1597,+2,00,-2,-1,00,00,00,-2,-2,-1,-1,-2
1598,00,00,+2,-2,-1,-2,-1,00,+1,-1,00,-1
1599,-2,-2,+1,+2,00,+1,+1,+2,+1,-1,-1,-2
1600,-3,-2,-2,-2,-2,00,00,-3,-2,-1,00,00
1601,00,-2,-2,-1,-1,-1,-1,-3,-3,-1,-1,-1
1602,+2,+2,+2,-1,-1,+1,00,00,00,00,00,-1
1603,00,00,00,00,-1,+1,+1,00,00,00,+1,+2
1604,+1,-1,-1,00,00,00,00,00,-1,-1,-2,-1
1605,+1,+1,00,-1,00,+1,00,-1,+1,00,+1,-1
1606,00,00,+1,-1,00,00,-3,-1,-2,00,00,+2
1607,+2,+2,00,-1,00,-1,-2,+1,+2,-1,+1,-2
1608,-3,-3,-2,+1,00,-2,-1,-2,-1,-1,+1,+1
1609,+2,+2,+1,-1,-1,-1,-1,-1,00,00,+1,00
1610,+1,+1,-1,-1,-2,+2,+1,00,+2,+1,00,+1
1611,-1,-1,00,+1,-1,+2,+2,+1,-2,00,00,-1
1612,-2,-1,-2,00,00,00,00,+2,00,00,00,+1
1613,+2,00,00,+1,00,-1,+1,00,+1,00,-2,-2
1614,-1,-1,-2,-1,-1,-1,00,00,-1,-1,00,00
1615,-1,-2,-1,-2,-2,+1,+2,00,00,00,+2,00
1616,-2,-2,00,+2,00,+3,+2,+1,+1,00,00,+1
1617,+2,+2,-1,+1,+1,-2,-1,-1,00,+1,00,00
1618,00,00,00,00,-1,-2,00,00,-1,00,+1,-1
1619,+1,00,-1,00,-1,00,-1,00,00,-1,00,00
1620,-1,00,00,00,-1,00,00,+1,+1,00,00,-2
1621,-2,-1,00,00,+1,-1,-2,-1,-1,-1,-1,-1
1622,-2,-1,-2,00,-1,00,00,00,00,00,00,-1
1623,+1,+1,00,00,-2,00,+1,+1,00,00,-1,-1
1624,-2,-2,-2,+2,+2,+1,+2,+2,+2,00,00,-1
1625,+3,+2,00,00,-1,00,+1,-1,-2,-1,00,00
1626,+1,+3,00,00,-1,-2,-1,00,+2,00,00,+1
1627,-2,-1,-1,-2,-2,-3,-2,-1,-2,00,00,+1
1628,00,+1,+1,-1,00,-2,-2,00,00,-1,+2,+2
1629,+1,+1,00,-1,+2,+1,+2,00,+2,00,00,00
1630,+2,+1,00,00,-2,+2,00,00,00,00,00,-1
1631,-1,-1,00,-1,00,+2,+2,00,+2,+1,00,-1
1632,00,00,-1,00,-1,-1,00,00,00,-1,-1,00
1633,+2,+1,-1,00,-1,00,-1,-1,-1,00,00,-2
1634,+1,00,00,-1,-1,00,00,+2,-1,-1,00,-2
1635,-3,-2,-2,00,-2,00,-1,00,00,-1,00,00
1636,-1,00,-1,-1,+1,+2,00,-1,-1,-2,+1,-2
1637,-2,-1,-2,00,+2,+2,-1,+1,-1,00,-2,-1
1638,00,+2,-1,00,+2,-1,+2,+1,-1,-2,00,00
1639,-1,00,00,-1,-1,-1,00,-1,00,-1,00,-1
1640,-1,-1,-1,-2,-1,+1,00,00,-1,-2,-2,-1
1641,-2,-1,-2,00,+1,00,-2,+1,-1,-1,00,-1
1642,+1,00,00,-1,-2,+1,+1,+1,-1,00,00,00
1643,+2,+1,-2,-2,-1,+2,00,00,-2,-1,-2,00
1644,-1,+1,00,-1,+1,+1,+2,00,+2,-1,00,00
1645,00,+1,+1,+1,00,+1,+1,00,-1,-1,00,-2
1646,-2,-1,-1,+1,+1,00,+2,+2,-1,-1,+1,+1
1647,-1,-1,00,00,+1,00,00,00,+1,00,+1,00
1648,00,00,-2,+1,+1,00,00,+1,+1,-1,+1,-2
1649,-1,-1,-1,+1,-1,+2,+1,00,-1,-1,-1,-2
1650,00,+2,-1,00,00,+2,+1,+1,00,-1,00,-1
1651,+1,-1,-1,00,-1,00,00,+1,-2,-1,+1,+1
1652,-1,+2,00,-1,+1,00,+1,+2,-1,00,+2,00
1653,00,-1,-1,00,+2,-1,00,-1,-2,+1,00,+1
1654,+1,00,-2,+1,00,00,-1,00,+2,00,-2,-2
1655,-1,00,00,-1,+1,-1,00,+1,00,+1,00,-1
1656,-1,-1,-1,00,-1,-1,+1,00,00,-1,00,-1
1657,+1,+2,00,+1,-1,-1,00,-1,-1,-1,-2,-2
1658,-3,-3,-2,-2,-2,-1,-1,00,-1,00,+1,-1
1659,+1,-1,-1,00,00,00,-2,00,-1,+1,00,-1
1660,-2,-2,-1,00,00,-2,00,+2,+2,-2,-1,00
1661,+1,+2,+1,+2,-1,00,+2,00,00,00,+2,+2
1662,+1,+2,+1,+1,-2,00,-1,-1,-1,00,00,-2
1663,-2,-2,-1,-1,-1,-2,-1,-1,00,-1,00,+1
1664,00,00,00,-1,00,+1,+1,-1,-1,-1,-2,-1
1665,-3,-2,-3,00,00,00,00,-1,00,-2,00,00
1666,-1,00,-2,+2,+2,+2,+2,00,-2,00,00,00
1667,-2,+2,00,-1,-1,00,+2,-1,00,00,-2,00
1668,+1,+2,-1,-1,-1,-1,00,-1,-2,+2,+2,+2
1669,-1,+1,-1,00,-1,+2,+2,+1,+1,+1,00,-1
1670,-3,-2,00,00,00,00,00,00,00,-1,-2,00
1671,+2,+2,+1,+1,+2,00,+1,+1,00,+1,-1,00
1672,-2,-2,+1,-1,00,00,-2,-1,-1,00,00,00
1673,+2,+2,00,00,-1,-2,-2,+1,-1,-1,00,+1
1674,-2,-2,-2,00,00,-1,00,-1,00,00,-1,+1
1675,+2,+1,-1,-1,-1,-1,-1,00,-1,-1,-2,+1
1676,+2,+2,-2,-2,-1,+1,00,-1,00,-1,-2,-2
1677,00,-1,00,-1,-2,-1,00,-1,-1,-1,-1,-1
1678,+2,+1,-1,00,+1,00,+2,+2,+2,00,-1,00
1679,-2,-1,-2,00,00,-1,00,00,-1,00,00,00
1680,00,+1,00,00,00,00,+1,+2,+1,00,00,-2
1681,-2,-2,-1,+1,-2,00,00,00,00,00,+1,-2
1682,+2,+1,00,-1,00,00,-1,-1,-1,-1,+1,+1
1683,00,+1,-1,00,00,+1,00,-2,+1,-2,-2,-1
1684,-3,-2,-2,-1,+1,+3,+2,+3,+1,00,-2,-1
1685,-2,-1,-2,00,-1,-2,-2,00,-1,00,00,+1
1686,+2,+1,00,00,+3,+1,00,-1,00,-1,00,00
1687,00,00,-1,00,-1,00,00,00,00,00,00,00
1688,-2,-1,-1,-1,-1,-1,00,-1,-1,00,00,-1
1689,-1,00,-2,00,00,-1,00,00,-1,-1,-2,00
1690,+2,+1,-1,00,-1,-1,00,00,-2,00,00,00
1691,-2,-2,00,-2,-2,00,-1,00,-1,00,-2,-1
1692,-3,-2,-1,00,-1,-1,-1,00,-1,-1,00,-2
1693,00,+2,-1,00,-2,+2,-1,-1,-1,-2,00,-2
1694,-2,+1,-1,-1,+1,-1,-1,-1,-1,-2,-2,-2
1695,-3,-3,-2,-1,-2,-1,-2,-1,00,00,00,00
1696,+2,+2,-2,00,-1,-1,00,-1,-1,-1,+1,-1
1697,-3,-2,00,-1,00,00,00,-1,-1,00,-1,-1
1698,-2,-1,-1,-1,00,-1,00,00,-1,00,-1,00
1699,+1,00,00,-1,00,00,00,+1,+2,-1,00,00
1700,-1,00,-1,+1,+2,+1,00,00,00,-1,00,00
1701,00,00,00,-2,00,00,+1,00,00,-1,00,00
1702,+2,+1,+2,-1,00,00,00,00,00,00,-2,+1
1703,-2,00,-1,00,00,-1,00,-1,-1,00,00,+1
1704,-2,00,-1,00,00,-1,00,00,00,00,00,00
1705,-2,-1,-1,00,-2,-2,00,+2,00,00,-1,+1
1706,-1,-1,-1,00,00,+2,00,+1,+1,00,+2,+1
1707,+1,00,00,+2,00,+2,+1,+1,00,-1,00,+2
1708,+2,+2,00,00,00,00,-1,-1,00,-2,-2,-3
1709,-3,-3,-1,+1,-1,00,00,-1,00,00,00,00
1710,00,00,00,-1,00,00,-1,00,00,00,+1,+3
1711,+2,00,00,00,+3,+3,+2,00,-1,-1,00,00
1712,-1,00,-1,-1,-1,-1,00,00,-2,00,00,00
1713,-1,+2,-1,-2,-2,-1,-2,00,+1,00,-2,+1
1714,00,-1,-1,-2,-1,-2,00,-1,00,00,00,00
1715,-1,+2,+1,+2,00,+1,00,00,-1,00,00,-2
1716,-3,00,00,00,00,-1,00,-1,-2,-1,-1,00
1717,-1,+2,00,00,-1,00,-1,-1,00,00,-2,00
1718,-1,-1,00,00,00,00,00,+2,00,-1,00,00
1719,00,00,00,-2,00,00,+2,+2,00,-1,00,00
1720,00,00,-1,-1,00,-2,00,-2,00,-1,00,00
1721,+1,-1,-2,00,-1,00,-1,00,00,-1,00,+1
1722,+2,+2,00,-1,00,00,-1,-1,00,00,00,+1
1723,+1,00,+1,00,00,+2,+2,+1,00,00,+2,+1
1724,+3,+2,00,-1,00,+1,-1,+2,+1,-1,00,00
1725,00,+2,00,-1,-1,-1,-2,-2,-2,-1,-2,+1
1726,-2,-2,-2,-1,+3,00,+1,-2,00,00,00,-1
1727,+1,00,-2,-1,+2,00,+1,+2,+2,+1,-1,00
1728,+1,-1,+2,00,+1,+1,+1,+2,+1,00,-2,-2
1729,-2,-2,-2,-1,-1,+1,+1,+1,+2,+1,00,+1
1730,+1,+2,-1,00,-1,00,-1,-1,00,-2,+2,-1
1731,-1,-1,-2,-1,-1,+1,+1,+1,00,+2,+1,00
1732,00,00,+1,+1,00,-2,-2,00,-1,+1,-1,-1
1733,-2,00,00,-1,-1,-2,+2,+1,-1,-1,00,+2
1734,+1,+2,00,+2,+2,+1,+2,+1,-1,00,-2,00
1735,+1,00,+2,+2,-2,+1,-1,+1,+1,-2,-1,+1
1736,+2,00,-1,00,-1,-1,+1,+1,+1,00,00,+1
1737,+2,+1,-1,-2,+1,00,+2,-2,-1,00,00,00
1738,00,00,00,00,-2,+1,+1,+1,+1,00,-2,+1
1739,00,+1,-2,-1,00,-1,+1,-1,00,-3,-3,00
1740,-3,-3,-2,-2,-2,-1,-1,-2,+2,-2,-2,00
1741,00,+2,-1,-1,-1,-1,-1,-1,00,+1,+1,00
1742,+1,+1,-1,-2,-2,00,-1,-2,-2,-1,00,-1
1743,00,+2,00,-3,00,00,00,00,00,-1,+2,+1
1744,-2,-2,-1,+1,-1,00,+1,-1,-1,-1,+1,+1
1745,-2,-1,-2,-1,00,00,+1,+1,00,+1,+1,-1
1746,+2,00,-2,-2,+1,00,+2,00,00,-1,-1,+1
1747,+1,+3,-2,+1,-1,+1,+1,+1,+1,+1,+1,+1
1748,00,-1,-2,-2,-1,+2,+2,+2,+1,+1,+2,+2
1749,+2,00,-2,-2,00,-2,+1,+2,00,+1,+1,+1
1750,00,+1,+2,00,00,00,+1,00,+1,-1,-1,00
1751,00,-1,+1,-1,+1,+1,-1,+1,-1,-1,-1,00
1752,00,00,00,00,-1,00,00,00,00,00,00,00
1753,-2,00,+1,-1,00,+1,00,-2,00,00,-1,+1
1754,00,00,-2,-1,00,00,-1,00,00,00,+1,00
1755,-2,-2,-1,+2,-1,+1,00,-1,-1,-1,00,+1
1756,+1,+1,00,-1,-1,+1,+1,-1,+1,00,-1,-1
1757,-1,00,00,+1,00,00,+2,00,-2,-3,+1,00
1758,-1,00,00,-1,+1,00,-2,00,-1,-1,00,00
1759,+1,+1,+1,00,00,00,+1,00,00,+1,-2,-1
1760,00,00,00,+1,00,00,00,-1,00,00,00,+1
1761,00,+1,+1,00,+1,+1,-1,+1,+1,-2,00,-2
1762,+1,00,-2,+2,+1,00,00,-1,00,-2,-1,-2
1763,-2,+1,-1,-1,-1,00,00,+1,-1,-1,00,+1
1764,+1,+1,-1,-1,+1,00,+1,-1,-2,-1,-1,00
1765,+1,-2,+1,00,-1,00,-1,00,-1,+1,00,-1
1766,-1,-1,00,+1,+1,00,00,00,00,00,00,-1
1767,-2,+1,00,-1,-1,-1,00,00,00,00,+2,-1
1768,-1,00,-1,00,00,00,00,00,-1,00,+1,00
1769,00,00,00,00,00,-1,00,-1,00,-3,00,00
1770,00,00,-2,-2,00,-1,-1,00,+1,00,00,+1
1771,00,-1,-2,-3,+2,00,00,-1,00,00,-1,+1
1772,00,00,00,-1,-2,+1,00,00,+1,+2,+1,00
1773,+1,-1,00,00,00,00,-1,00,+1,+1,00,+1
1774,00,00,+1,+1,00,+1,00,00,-1,00,-3,-1
1775,00,+1,+1,-1,-1,+2,00,+1,+1,00,-1,00
1776,-3,+1,+1,00,-1,00,00,00,-1,-1,-1,-1
1777,-1,-1,00,-2,00,-1,-1,00,-1,00,+1,-1
1778,00,-1,00,+1,+1,00,+2,+1,-1,-1,+1,+2
1779,-1,+1,+1,+2,+1,-1,00,+1,+2,+2,+1,+1
1780,-1,-1,+2,-1,+1,00,00,+1,00,+1,00,-1
1781,00,00,+1,+1,+1,+2,+1,+2,+2,00,00,00
1782,+1,-2,-1,-1,00,+1,+1,00,+1,-1,-2,00
1783,+1,+1,-1,+1,+1,+1,+2,+1,+1,+1,00,-1
1784,-2,-2,-1,-2,+1,+1,00,00,+1,-2,00,-1
1785,00,-1,-3,-2,00,-1,-1,-1,+2,00,00,00
1786,00,00,-2,+1,-1,+1,-2,-1,-1,-2,-3,00
1787,-1,00,+1,-1,-1,+1,-1,00,00,+1,00,+1
1788,+1,00,00,00,+1,+1,+1,-1,+1,00,-2,-3
1789,-1,+1,-3,00,+2,-1,00,00,00,00,00,+1
1790,00,+1,00,-1,+1,+1,-1,00,-1,00,-1,+1
1791,+1,00,00,+1,-1,00,00,+1,-1,00,-1,00
1792,00,-1,00,+1,-1,00,00,+1,-1,-1,-1,00
1793,-1,+1,00,-1,-1,-1,+1,+1,-1,+1,00,+1
1794,00,+1,+2,+2,00,+1,+2,00,-1,00,00,-1
1795,-3,00,-1,+1,-1,+1,-2,00,+1,+2,-1,+1
1796,+2,00,-2,00,+1,00,00,+1,+2,00,-1,-1
1797,00,00,-1,+1,+1,-1,+1,+1,+1,00,00,+1
1798,00,+1,00,+1,+1,+1,00,+1,+1,00,00,-2
1799,-2,-1,-1,-1,-1,-1,-1,00,00,00,00,-2
1800,00,-1,-2,+3,+2,-2,-1,+1,+1,-1,+1,00
1801,+1,00,+1,00,+1,-1,-1,00,+1,+1,00,00
1802,-1,00,00,00,-1,00,-1,+2,00,+2,00,00
1803,-2,-2,-1,+2,-2,-1,+1,+1,-2,-1,00,00
1804,+1,-1,-2,-1,+1,00,00,-1,+1,00,-2,-2
1805,-1,-1,-1,-1,-2,-2,-2,-1,00,-3,-2,00
1806,+1,+1,00,-2,+1,-1,-1,00,00,-1,+1,+2
1807,00,00,-2,-1,+1,-1,+1,+3,-1,+1,00,00
1808,00,-1,-3,-2,+2,-1,+1,+1,00,-2,-1,-2
1809,-1,+1,-1,-3,+1,-1,-1,00,00,-1,-1,+1
1810,-1,-1,00,-1,-1,-2,-1,00,+2,-1,00,+1
1811,-2,00,+1,00,+3,+3,+1,00,00,+2,+1,00
1812,-1,00,-1,-1,00,00,-2,-1,-1,+1,-2,-3
1813,-1,+1,00,+1,00,-1,-1,-2,-1,-1,-1,00
1814,-1,-3,-2,+1,-2,-2,00,-1,-2,-1,00,+1
1815,-1,+1,+1,00,+1,00,-2,-1,-1,00,-1,-1
1816,00,-1,-1,00,-1,-2,-2,-2,-1,-1,-2,-1
1817,+1,+1,00,-3,-1,+1,-1,-1,+1,-2,+1,00
1818,+1,00,00,+1,-1,+1,00,-1,00,00,+1,-1
1819,+1,+1,+1,+1,+1,+1,+1,+1,+1,-1,-1,-1
1820,-2,00,-1,+1,+1,-2,-1,+1,-1,00,-2,-1
1821,00,-1,00,+2,-1,-3,-2,00,+1,00,+2,+1
1822,+1,+1,+2,+1,+1,+2,00,00,00,+1,+1,-1
1823,-3,00,00,-1,+1,-1,-1,+1,00,00,00,+1
1824,+1,+1,00,-1,00,-1,00,00,+1,00,+1,+2
1825,+1,00,-1,+1,00,00,00,00,+1,00,+1,+1
1826,-2,00,00,00,-1,+1,+2,+3,+1,+1,00,+1
1827,00,-2,+1,+1,+1,+1,+1,-1,00,+1,-2,+1
1828,00,-1,00,+1,00,+1,+1,-1,00,00,00,+1
1829,-2,-2,-1,00,00,-1,00,-2,-1,-1,-2,-3
1830,-3,-2,00,+1,00,00,00,00,-1,-1,+1,00
1831,-1,00,00,+1,00,-1,00,00,-1,+2,00,00
1832,00,00,00,00,-1,-1,-1,+1,-1,00,-1,00
1833,-1,+1,-1,-1,+2,+1,-1,-3,-1,00,00,+2
1834,+2,00,00,-1,+2,+1,+2,+2,+2,00,00,00
1835,00,+1,00,-1,00,00,+1,00,00,-1,-2,-1
1836,00,00,+2,00,-2,00,00,-1,-1,00,00,+1
1837,00,00,-2,-2,-2,00,-1,+1,-1,00,00,00
1838,-3,-2,00,-2,00,00,-1,-2,00,-1,-1,00
1839,00,00,-1,-2,-1,+1,00,-1,00,+1,+1,00
1840,00,00,-2,+1,00,00,-2,-1,00,-2,+1,-3
1841,00,-2,+1,+1,+2,-1,-2,-1,+1,+1,00,+1
1842,-1,-1,00,-1,00,00,-1,+2,00,-2,-2,00
1843,+1,+1,-1,00,-1,-2,-1,00,00,00,00,+1
1844,00,-1,-1,+1,00,00,-2,-2,00,00,+1,-2
1845,00,-2,-3,00,-2,+1,00,-2,-1,00,+1,+1
1846,+1,+1,+1,00,00,+1,+1,+2,+1,+1,-1,-1
1847,-1,-1,-1,-2,+1,-2,00,+1,-2,-1,00,-1
1848,-3,+1,+1,+1,00,+1,-1,-1,-1,00,00,00
1849,00,+1,-1,-1,00,00,-1,-2,-1,00,-1,-1
1850,-2,+1,-1,00,-1,00,-1,-1,-2,-2,+1,00
1851,00,00,00,00,-2,00,-1,00,-2,+1,-2,00
1852,+1,00,-1,-2,00,00,+1,00,00,-1,+2,+2
1853,+1,-1,-3,-2,-1,00,00,00,-1,00,-1,-2
1854,00,00,00,00,00,-1,00,-1,00,00,-2,+1
1855,-1,-2,-1,-1,-1,00,-1,00,-1,+1,-1,-2
1856,00,+1,-1,+1,-1,00,-2,00,-1,+1,-2,00
1857,00,-1,00,00,00,00,+1,+2,+1,+1,-1,+1
1858,-1,-2,-1,00,-1,+3,-1,00,+1,00,-3,00
1859,00,+1,+1,00,00,+1,+2,+2,00,+1,-1,-1
1860,+1,-1,-1,-1,00,00,-2,-1,-1,-1,-1,-1
1861,-2,+1,+1,-1,-2,+1,00,+1,00,+1,00,00
1862,00,00,+1,+1,+1,-1,-1,-1,00,+1,00,00
1863,+1,+1,+1,00,00,00,-1,+1,-1,+1,00,+1
1864,-2,-1,+1,-1,-2,-1,-1,-2,-1,-1,-1,-2
1865,00,-2,-2,+2,+2,-1,+1,-1,+1,00,+1,00
1866,+1,+1,00,+1,-2,+2,-1,-2,+1,-1,00,00
1867,00,+2,-1,00,-1,00,-1,00,+1,-1,-1,-1
1868,00,+1,00,00,+3,+1,+1,+1,+2,00,-1,+2
1869,00,+2,-1,+2,00,-2,+1,-1,+1,-1,00,00
1870,00,-2,-1,00,00,00,+1,-1,-1,00,+1,-2
1871,-2,00,+1,00,-2,-2,00,+1,00,-2,-2,-2
1872,00,00,+1,+1,00,00,+1,-1,+1,+1,+2,+1
1873,+1,00,+1,-1,-2,00,+1,+1,-1,+1,+1,00
1874,+1,00,00,+1,-2,00,+2,-1,+1,+1,-1,-1
1875,+1,-2,-1,00,+1,+1,00,+1,00,-1,-1,-1
1876,-1,00,00,+1,-3,00,00,+1,-1,+1,-2,+1
1877,+1,+1,-1,-1,-2,+2,00,+1,-2,-1,+1,00
1878,00,+1,00,+1,00,00,-1,00,+1,+1,00,-1
1879,-1,00,-1,-1,-2,00,-2,00,00,00,-2,-3
1880,-1,00,+1,+1,-1,-1,00,00,+1,-1,00,+2
1881,-1,00,00,-2,00,-1,+1,-1,-1,-3,+1,00
1882,00,+1,+2,00,00,-1,-1,-2,00,00,00,00
1883,00,+1,-2,-1,00,00,-1,-1,00,00,00,00
1884,+2,+1,+1,-1,00,-2,+1,00,+1,00,-1,+1
1885,-1,+1,00,+1,-2,+1,00,-2,-1,-1,00,00
1886,00,-1,-1,00,00,-1,00,00,+2,+1,+1,00
1887,-1,-1,-1,00,-2,00,+1,-1,-1,-2,00,-1
1888,00,-1,-1,-1,00,00,-2,-1,00,-2,00,00
1889,-1,-1,-2,00,+2,+2,-1,-1,-2,00,00,-1
1890,+1,-1,+1,00,+1,-1,-1,00,00,-1,00,-3
1891,-1,00,00,-2,00,-1,-1,-1,00,+1,-1,+1
1892,00,00,-1,00,00,-1,-1,+1,00,-1,00,-1
1893,-2,00,+1,+1,00,00,00,00,-1,+1,-1,00
1894,00,+1,+1,+2,-1,-1,00,-1,-2,-1,+1,00
1895,-1,-3,-1,+1,00,00,00,00,+2,-1,+1,00
1896,00,00,+1,-1,-1,+1,00,-2,00,00,-1,00
1897,-1,00,+1,00,-1,+1,00,00,-1,-1,-1,00
1898,+1,00,00,00,-1,-1,-2,+1,00,00,+1,+1
1899,+1,+1,00,00,-1,-1,00,00,-1,-1,+2,-1
1900,+1,00,-1,-1,-1,+1,+1,00,00,00,+1,+1
1901,-1,-2,-1,00,00,00,+1,00,00,00,-1,00
1902,+1,-1,00,00,-3,00,-1,-2,-1,-1,-1,-1
1903,+1,+2,+1,-2,00,00,-1,-1,00,+1,+1,00
1904,00,00,00,+1,00,00,+1,00,-1,00,00,+1
1905,00,00,+1,-1,00,+1,+1,00,00,-3,00,00
1906,+1,00,00,00,+1,-1,00,00,-1,+1,+2,-1
1907,00,-1,00,-1,00,-1,-2,-1,00,+2,00,00
1908,-1,00,00,-1,+1,+1,00,-2,-1,00,-1,00
1909,00,-1,-1,00,-1,-1,-2,00,-1,+1,-1,+1
1910,+1,+1,00,00,00,+1,-1,-1,-1,+1,-1,+1
1911,00,00,+1,00,+1,-1,+2,+2,+1,00,+1,+1
1912,00,+1,+2,00,00,00,+1,-2,-3,-2,-1,+1
1913,00,00,+2,00,00,-1,-2,-2,00,+1,+2,+1
1914,-1,+1,+1,+2,-1,-1,00,+1,-1,00,00,+1
1915,00,00,-1,00,+1,+2,-1,-1,-1,-2,-1,+1
1916,+2,00,00,00,+1,-3,-1,-1,-1,00,+1,+1
1917,-1,-2,-2,-2,+2,+3,00,00,+1,-1,+1,-1
1918,+1,+1,00,+1,+1,-2,-1,-1,00,-1,00,+2
1919,+1,00,00,-1,00,-1,-2,-1,+1,-2,-2,00
1920,+1,+1,+2,+1,+1,-1,00,-2,00,-1,-1,00
1921,+2,00,+2,00,+1,-1,+1,00,00,+2,-2,00
1922,00,-1,00,-1,+1,00,-1,-1,-2,-3,-1,+1
1923,+1,00,+1,-1,-1,-3,+1,-1,00,+1,-1,-1
1924,-1,-1,-1,-1,+1,00,-1,-2,00,+1,00,00
1925,+1,+1,-1,00,+1,00,+1,00,-2,00,-1,00
1926,00,+2,+1,+1,-1,-2,00,00,+1,-1,+2,00
1927,+1,00,+1,00,-1,-1,00,00,00,00,-1,-1
1928,+1,+1,00,00,-2,-1,+1,00,-1,00,+2,00
1929,-1,-3,00,-2,+1,-1,00,00,+2,+1,+1,+1
1930,+1,00,+1,+1,00,+2,-1,00,00,00,+2,00
1931,00,-1,-2,-1,+2,00,00,-1,-3,-1,+1,00
1932,+1,-1,-1,00,00,-1,+1,+2,+2,00,00,00
1933,-1,00,+1,00,-1,-1,+1,00,00,00,-1,-2
1934,+1,00,+1,+2,+1,+1,+1,00,+2,+1,00,+2
1935,00,+1,00,00,-1,+1,00,00,00,00,+1,00
1936,+2,00,+1,-1,00,00,00,00,00,-2,00,+1
1937,00,+1,00,00,+2,+1,00,00,00,+1,00,00
1938,+1,00,+2,-1,-1,+1,00,+1,+1,00,+2,-1
1939,+1,+1,-1,+1,-1,+1,00,+1,00,-1,+1,-1
1940,-3,-2,00,00,00,+1,-1,-2,-1,-1,+1,-1
1941,-2,00,00,-1,-2,+1,+1,-1,-1,00,-1,+1
1942,-3,-3,-1,00,00,-1,-1,+1,+2,+2,00,+1
1943,00,+1,+2,+1,+1,-1,00,+1,00,+1,00,00
1944,+2,00,-1,+1,00,-1,00,+3,00,00,+1,00
1945,-1,+2,+1,+1,+1,+1,+1,00,+1,+1,00,00
1946,00,+1,00,+2,+1,-1,+1,00,+1,-1,00,-1
1947,-1,-3,00,+1,+2,+2,+1,+2,+3,-1,+1,00
1948,+2,00,+2,+2,+1,00,-1,00,00,00,00,00
1949,+1,+1,00,+2,00,-1,+1,00,+3,+2,00,+1
1950,00,+1,+1,00,+1,+2,+1,+1,00,00,+1,-1
1951,+1,+1,00,00,00,00,00,+1,+1,-1,+2,+1
1952,+1,00,00,+2,00,00,+1,+1,-2,-1,-1,00
1953,00,00,+1,+1,+1,+1,00,00,00,+2,+1,+1
1954,-1,-2,+1,-1,00,+1,-2,-1,00,+1,00,+1
1955,00,-1,-1,00,-1,-1,00,00,00,00,00,+1
1956,+1,-3,00,-1,00,-2,00,-2,+1,00,-1,+1
1957,+1,+2,+2,00,-2,+1,+1,-1,-1,+1,+1,00
1958,00,+1,-2,-1,+1,-1,00,00,+1,+1,+1,+1
1959,00,00,+2,+1,00,+1,+2,+1,+1,00,00,+1
1960,00,00,+1,00,+1,+1,-1,-1,00,00,+2,00
1961,00,+2,+2,+2,-1,+1,-1,-1,+3,+2,00,00
1962,+1,00,-2,+1,-2,-1,-2,-1,-1,+1,-1,-2
1963,-2,-2,00,+1,00,00,+1,00,+1,00,+3,-1
1964,00,00,-1,+1,+1,+1,+1,00,00,-1,+1,00
1965,+1,-1,00,00,-1,00,-2,-1,00,00,-1,+1
1966,-1,+1,00,+1,+1,+1,-1,-1,00,+2,-1,+1
1967,+1,+1,+1,-1,00,-1,+1,00,+1,+2,00,00
1968,00,00,+1,+1,-1,+1,-1,00,00,+1,00,-1
1969,+1,-1,-1,00,+1,-1,+1,00,+1,+1,+1,-2
1970,-1,-1,-1,-1,-1,+2,-1,00,00,00,+2,00
1971,00,+1,-1,+1,+1,-1,+1,+1,-1,+1,00,+2
1972,00,+1,+1,00,-1,-1,+1,-1,-2,-1,+1,00
1973,00,00,+1,-1,00,+1,00,+1,+1,-1,00,00
1974,+2,+1,+1,+1,-1,-1,-1,+1,00,-2,+1,+2
1975,+2,+1,00,00,00,-1,+1,+2,+2,-1,00,00
1976,+1,00,-1,00,+1,+2,+2,00,00,+1,+1,-1
1977,+1,+1,+2,-1,00,00,00,-1,-1,+1,+1,+1
1978,+1,-1,+1,-1,00,-1,-1,-1,-1,+1,+1,00
1979,-1,-1,00,-1,00,+1,-1,-1,00,00,00,+2
1980,-1,+1,00,-1,-1,-1,-2,00,+1,00,00,00
1981,00,00,+2,00,+1,00,00,00,+1,00,+1,-1
1982,00,00,+1,00,00,+1,+2,+1,+2,+1,+2,+1
1983,+2,-1,+1,+1,-1,+1,+3,+1,00,+1,00,00
1984,+1,00,00,00,-1,-1,-1,00,-1,+1,+1,00
1985,-2,-1,00,00,+1,-2,00,00,00,00,-2,+2
1986,00,-3,00,-1,+1,00,00,00,-2,+1,+2,+1
1987,-2,00,-2,+1,-2,-1,00,-1,+1,+1,+1,+1
1988,+2,+1,00,+1,+2,00,00,00,00,+1,00,+1
1989,+1,+1,+2,00,+1,00,+1,00,+1,+2,00,+1
1990,+1,+2,+2,00,+1,00,00,+2,-1,+1,+1,00
1991,+1,-1,+2,00,-2,-2,+2,+1,+2,00,00,00
1992,+1,+1,+1,00,+2,+2,+1,+2,00,-1,+1,+1
1993,+1,-1,00,+2,+2,00,-1,-1,-1,00,-2,+1
1994,+2,00,+2,+1,00,00,+3,+1,00,00,+3,+2
1995,+1,+2,00,+1,00,-1,+3,+2,00,+3,00,-1
1996,-1,-1,-1,+1,-1,00,-1,+1,-2,+1,+1,-1
1997,00,+2,+2,-1,00,00,00,+3,+1,00,00,+1
1998,+1,+2,+1,+1,+1,+1,00,00,00,00,-1,00
1999,+1,00,+1,+1,+1,00,+1,+1,+3,+1,00,+1
2000,+1,+2,+1,+2,+2,+1,-1,+1,+1,+2,+2,+1
2001,+1,+1,+1,00,+2,-1,+1,+2,-1,+3,00,00
2002,+1,+2,+1,+1,+1,+2,+1,+2,00,00,+1,00
2003,00,-1,+1,+1,+1,+3,+2,+3,+1,-2,+2,+1
2004,00,+1,+1,+1,00,00,00,+2,+1,+1,+1,00
2005,+1,00,00,+1,00,+1,+1,-1,+2,+2,+1,00
2006,-1,00,-1,00,+1,+1,+3,-1,+3,+3,+3,+2
2007,+2,+2,+2,+3,+1,+2,00,00,00,00,00,+1
2008,+2,+2,+1,00,+2,+1,+1,+1,-1,+1,+1,00
2009,00,00,+1,+3,+1,-1,+1,+2,+1,00,+3,00